{
  "has_tests_weight": 0.17999999999999994,
  "has_docs_weight": 0.12999999999999995,
  "has_docker_weight": 0.09749999999999995,
  "stars_weight": 0.16499999999999998
}